model_type	threshold_mode	cluster	global_threshold	cluster_threshold_median	final_threshold	n_calibration_mean	positive_calibration_mean	negative_calibration_mean	pos_rate_mean	global_precision_mean	guarded_use_fraction	use_cluster_threshold	selection_rule	shrinkage_k	source
mix	cluster-guarded	cluster_0	0.3732764164658634	0.617246	0.3732764164658634	182.4	134.0	48.4	0.7352823147002986	1.0	0.0	0	precision_ge_0.90_best_recall	30	D:\pre_tran\database_collect\protein\result\result_new\tables\new_hmm_model_cluster_thresholds_by_split.tsv
mix	cluster-guarded	cluster_1	0.3732764164658634	0.3722567831325301	0.3732764164658634	1.0	0.0	1.0	0.0	0.0	0.0	0	insufficient_n	30	D:\pre_tran\database_collect\protein\result\result_new\tables\new_hmm_model_cluster_thresholds_by_split.tsv
mix	cluster-guarded	cluster_100	0.3732764164658634	0.37271002409638554	0.3732764164658634	1.0	0.0	1.0	0.0	0.0	0.0	0	insufficient_n	30	D:\pre_tran\database_collect\protein\result\result_new\tables\new_hmm_model_cluster_thresholds_by_split.tsv
mix	cluster-guarded	cluster_102	0.3732764164658634	0.3724694939759036	0.3732764164658634	1.0	1.0	0.0	1.0	1.0	0.0	0	insufficient_n	30	D:\pre_tran\database_collect\protein\result\result_new\tables\new_hmm_model_cluster_thresholds_by_split.tsv
mix	cluster-guarded	cluster_103	0.3732764164658634	0.37322928915662645	0.3732764164658634	3.1	0.2	2.9	0.03666666666666667	0.2	0.0	0	insufficient_n	30	D:\pre_tran\database_collect\protein\result\result_new\tables\new_hmm_model_cluster_thresholds_by_split.tsv
mix	cluster-guarded	cluster_109	0.3732764164658634	0.37322928915662645	0.3732764164658634	4.1	2.9	1.2	0.7216666666666667	0.0	0.1	0	insufficient_n	30	D:\pre_tran\database_collect\protein\result\result_new\tables\new_hmm_model_cluster_thresholds_by_split.tsv
mix	cluster-guarded	cluster_11	0.3732764164658634	0.371934859437751	0.3732764164658634	1.0	1.0	0.0	1.0	0.0	0.0	0	insufficient_n	30	D:\pre_tran\database_collect\protein\result\result_new\tables\new_hmm_model_cluster_thresholds_by_split.tsv
mix	cluster-guarded	cluster_110	0.3732764164658634	0.37322928915662645	0.3732764164658634	8.4	0.0	8.4	0.0	0.0	0.4	0	insufficient_n;negative_only_reject_all_calibration	30	D:\pre_tran\database_collect\protein\result\result_new\tables\new_hmm_model_cluster_thresholds_by_split.tsv
mix	cluster-guarded	cluster_113	0.3732764164658634	0.3732577831325301	0.3732764164658634	1.0	0.6	0.4	0.6	0.6	0.0	0	insufficient_n	30	D:\pre_tran\database_collect\protein\result\result_new\tables\new_hmm_model_cluster_thresholds_by_split.tsv
mix	cluster-guarded	cluster_114	0.3732764164658634	0.37448467469879515	0.3732764164658634	1.0	0.0	1.0	0.0	0.0	0.0	0	insufficient_n	30	D:\pre_tran\database_collect\protein\result\result_new\tables\new_hmm_model_cluster_thresholds_by_split.tsv
mix	cluster-guarded	cluster_117	0.3732764164658634	0.37320079518072286	0.3732764164658634	4.111111111111111	0.0	4.111111111111111	0.0	0.0	0.0	0	insufficient_n	30	D:\pre_tran\database_collect\protein\result\result_new\tables\new_hmm_model_cluster_thresholds_by_split.tsv
mix	cluster-guarded	cluster_118	0.3732764164658634	0.37322928915662645	0.3732764164658634	4.1	2.7	1.4	0.6571428571428571	0.0	0.0	0	insufficient_n	30	D:\pre_tran\database_collect\protein\result\result_new\tables\new_hmm_model_cluster_thresholds_by_split.tsv
mix	cluster-guarded	cluster_119	0.3732764164658634	0.37322928915662645	0.3732764164658634	1.9	1.9	0.0	1.0	0.0	0.0	0	insufficient_n	30	D:\pre_tran\database_collect\protein\result\result_new\tables\new_hmm_model_cluster_thresholds_by_split.tsv
mix	cluster-guarded	cluster_12	0.3732764164658634	0.37322928915662645	0.3732764164658634	3.2	3.2	0.0	1.0	1.0	0.1	0	insufficient_n	30	D:\pre_tran\database_collect\protein\result\result_new\tables\new_hmm_model_cluster_thresholds_by_split.tsv
mix	cluster-guarded	cluster_122	0.3732764164658634	0.37448467469879515	0.3732764164658634	1.0	1.0	0.0	1.0	1.0	0.0	0	insufficient_n	30	D:\pre_tran\database_collect\protein\result\result_new\tables\new_hmm_model_cluster_thresholds_by_split.tsv
mix	cluster-guarded	cluster_126	0.3732764164658634	0.3732577831325301	0.3732764164658634	2.3333333333333335	2.3333333333333335	0.0	1.0	0.2222222222222222	0.0	0	insufficient_n	30	D:\pre_tran\database_collect\protein\result\result_new\tables\new_hmm_model_cluster_thresholds_by_split.tsv
mix	cluster-guarded	cluster_130	0.3732764164658634	0.3732577831325301	0.3732764164658634	2.2222222222222223	0.0	2.2222222222222223	0.0	0.0	0.0	0	insufficient_n	30	D:\pre_tran\database_collect\protein\result\result_new\tables\new_hmm_model_cluster_thresholds_by_split.tsv
mix	cluster-guarded	cluster_132	0.3732764164658634	0.37320079518072286	0.3732764164658634	1.1428571428571428	1.1428571428571428	0.0	1.0	1.0	0.0	0	insufficient_n	30	D:\pre_tran\database_collect\protein\result\result_new\tables\new_hmm_model_cluster_thresholds_by_split.tsv
mix	cluster-guarded	cluster_135	0.3732764164658634	0.37283514457831324	0.3732764164658634	3.0	1.25	1.75	0.4354166666666667	0.6458333333333334	0.0	0	insufficient_n	30	D:\pre_tran\database_collect\protein\result\result_new\tables\new_hmm_model_cluster_thresholds_by_split.tsv
mix	cluster-guarded	cluster_136	0.3732764164658634	0.3724694939759036	0.3732764164658634	1.8	1.8	0.0	1.0	0.0	0.0	0	insufficient_n	30	D:\pre_tran\database_collect\protein\result\result_new\tables\new_hmm_model_cluster_thresholds_by_split.tsv
mix	cluster-guarded	cluster_138	0.3732764164658634	0.32278399999999996	0.3732764164658634	19.5	0.0	19.5	0.0	0.0	0.0	0	negative_only_reject_all_calibration	30	D:\pre_tran\database_collect\protein\result\result_new\tables\new_hmm_model_cluster_thresholds_by_split.tsv
mix	cluster-guarded	cluster_139	0.3732764164658634	0.37322928915662645	0.3732764164658634	6.8	0.0	6.8	0.0	0.0	0.4	0	insufficient_n;negative_only_reject_all_calibration	30	D:\pre_tran\database_collect\protein\result\result_new\tables\new_hmm_model_cluster_thresholds_by_split.tsv
mix	cluster-guarded	cluster_14	0.3732764164658634	0.5954765	0.3732764164658634	44.1	44.1	0.0	1.0	1.0	0.0	0	positive_only_accept_all_calibration	30	D:\pre_tran\database_collect\protein\result\result_new\tables\new_hmm_model_cluster_thresholds_by_split.tsv
mix	cluster-guarded	cluster_141	0.3732764164658634	0.3722567831325301	0.3732764164658634	1.0	0.0	1.0	0.0	0.0	0.0	0	insufficient_n	30	D:\pre_tran\database_collect\protein\result\result_new\tables\new_hmm_model_cluster_thresholds_by_split.tsv
mix	cluster-guarded	cluster_142	0.3732764164658634	0.37322928915662645	0.3732764164658634	3.2	0.0	3.2	0.0	0.0	0.2	0	insufficient_n	30	D:\pre_tran\database_collect\protein\result\result_new\tables\new_hmm_model_cluster_thresholds_by_split.tsv
mix	cluster-guarded	cluster_144	0.3732764164658634	0.304467	0.3732764164658634	31.5	13.5	18.0	0.42977896904134394	0.0	0.0	0	precision_ge_0.90_best_recall	30	D:\pre_tran\database_collect\protein\result\result_new\tables\new_hmm_model_cluster_thresholds_by_split.tsv
mix	cluster-guarded	cluster_146	0.3732764164658634	0.37320079518072286	0.3732764164658634	1.8888888888888888	0.0	1.8888888888888888	0.0	0.0	0.0	0	insufficient_n	30	D:\pre_tran\database_collect\protein\result\result_new\tables\new_hmm_model_cluster_thresholds_by_split.tsv
mix	cluster-guarded	cluster_147	0.3732764164658634	0.3732097670682731	0.3732764164658634	1.0	1.0	0.0	1.0	1.0	0.0	0	insufficient_n	30	D:\pre_tran\database_collect\protein\result\result_new\tables\new_hmm_model_cluster_thresholds_by_split.tsv
mix	cluster-guarded	cluster_148	0.3732764164658634	0.3732577831325301	0.3732764164658634	1.6666666666666667	0.0	1.6666666666666667	0.0	0.0	0.0	0	insufficient_n	30	D:\pre_tran\database_collect\protein\result\result_new\tables\new_hmm_model_cluster_thresholds_by_split.tsv
mix	cluster-guarded	cluster_149	0.3732764164658634	0.3732577831325301	0.3732764164658634	1.5555555555555556	1.5555555555555556	0.0	1.0	1.0	0.0	0	insufficient_n	30	D:\pre_tran\database_collect\protein\result\result_new\tables\new_hmm_model_cluster_thresholds_by_split.tsv
mix	cluster-guarded	cluster_15	0.3732764164658634	0.3724694939759036	0.3732764164658634	1.4	1.4	0.0	1.0	1.0	0.0	0	insufficient_n	30	D:\pre_tran\database_collect\protein\result\result_new\tables\new_hmm_model_cluster_thresholds_by_split.tsv
mix	cluster-guarded	cluster_151	0.3732764164658634	0.37272878915662644	0.3732764164658634	1.0	1.0	0.0	1.0	1.0	0.0	0	insufficient_n	30	D:\pre_tran\database_collect\protein\result\result_new\tables\new_hmm_model_cluster_thresholds_by_split.tsv
mix	cluster-guarded	cluster_152	0.3732764164658634	0.3724694939759036	0.3732764164658634	2.2857142857142856	0.0	2.2857142857142856	0.0	0.0	0.0	0	insufficient_n	30	D:\pre_tran\database_collect\protein\result\result_new\tables\new_hmm_model_cluster_thresholds_by_split.tsv
mix	cluster-guarded	cluster_155	0.3732764164658634	0.3739831686746988	0.3732764164658634	1.0	0.0	1.0	0.0	0.0	0.0	0	insufficient_n	30	D:\pre_tran\database_collect\protein\result\result_new\tables\new_hmm_model_cluster_thresholds_by_split.tsv
mix	cluster-guarded	cluster_156	0.3732764164658634	0.3732577831325301	0.3732764164658634	3.3333333333333335	0.0	3.3333333333333335	0.0	0.0	0.2222222222222222	0	insufficient_n	30	D:\pre_tran\database_collect\protein\result\result_new\tables\new_hmm_model_cluster_thresholds_by_split.tsv
mix	cluster-guarded	cluster_157	0.3732764164658634	0.37322928915662645	0.3732764164658634	1.6	0.0	1.6	0.0	0.0	0.0	0	insufficient_n	30	D:\pre_tran\database_collect\protein\result\result_new\tables\new_hmm_model_cluster_thresholds_by_split.tsv
mix	cluster-guarded	cluster_159	0.3732764164658634	0.323229	0.3732764164658634	18.9	0.0	18.9	0.0	0.0	0.0	0	negative_only_reject_all_calibration	30	D:\pre_tran\database_collect\protein\result\result_new\tables\new_hmm_model_cluster_thresholds_by_split.tsv
mix	cluster-guarded	cluster_162	0.3732764164658634	0.3743192650602408	0.3732764164658634	1.0	0.0	1.0	0.0	0.0	0.0	0	insufficient_n	30	D:\pre_tran\database_collect\protein\result\result_new\tables\new_hmm_model_cluster_thresholds_by_split.tsv
mix	cluster-guarded	cluster_163	0.3732764164658634	0.3732577831325301	0.3732764164658634	1.7777777777777777	1.7777777777777777	0.0	1.0	1.0	0.0	0	insufficient_n	30	D:\pre_tran\database_collect\protein\result\result_new\tables\new_hmm_model_cluster_thresholds_by_split.tsv
mix	cluster-guarded	cluster_165	0.3732764164658634	0.37322928915662645	0.3732764164658634	1.0	0.0	1.0	0.0	0.0	0.0	0	insufficient_n	30	D:\pre_tran\database_collect\protein\result\result_new\tables\new_hmm_model_cluster_thresholds_by_split.tsv
mix	cluster-guarded	cluster_167	0.3732764164658634	0.3732577831325301	0.3732764164658634	1.5714285714285714	0.0	1.5714285714285714	0.0	0.0	0.0	0	insufficient_n	30	D:\pre_tran\database_collect\protein\result\result_new\tables\new_hmm_model_cluster_thresholds_by_split.tsv
mix	cluster-guarded	cluster_168	0.3732764164658634	0.37322928915662645	0.3732764164658634	2.8	1.9	0.9	0.6433333333333333	0.7333333333333333	0.0	0	insufficient_n	30	D:\pre_tran\database_collect\protein\result\result_new\tables\new_hmm_model_cluster_thresholds_by_split.tsv
mix	cluster-guarded	cluster_171	0.3732764164658634	0.37322928915662645	0.3732764164658634	2.5	0.0	2.5	0.0	0.0	0.0	0	insufficient_n	30	D:\pre_tran\database_collect\protein\result\result_new\tables\new_hmm_model_cluster_thresholds_by_split.tsv
mix	cluster-guarded	cluster_172	0.3732764164658634	0.3743933333333333	0.3732764164658634	1.0	1.0	0.0	1.0	1.0	0.0	0	insufficient_n	30	D:\pre_tran\database_collect\protein\result\result_new\tables\new_hmm_model_cluster_thresholds_by_split.tsv
mix	cluster-guarded	cluster_173	0.3732764164658634	0.3724694939759036	0.3732764164658634	1.0	0.0	1.0	0.0	0.0	0.0	0	insufficient_n	30	D:\pre_tran\database_collect\protein\result\result_new\tables\new_hmm_model_cluster_thresholds_by_split.tsv
mix	cluster-guarded	cluster_176	0.3732764164658634	0.33307099999999995	0.3732764164658634	33.5	0.0	33.5	0.0	0.0	0.0	0	negative_only_reject_all_calibration	30	D:\pre_tran\database_collect\protein\result\result_new\tables\new_hmm_model_cluster_thresholds_by_split.tsv
mix	cluster-guarded	cluster_177	0.3732764164658634	0.3732577831325301	0.3732764164658634	1.0	1.0	0.0	1.0	1.0	0.0	0	insufficient_n	30	D:\pre_tran\database_collect\protein\result\result_new\tables\new_hmm_model_cluster_thresholds_by_split.tsv
mix	cluster-guarded	cluster_178	0.3732764164658634	0.3732577831325301	0.3732764164658634	1.7142857142857142	0.0	1.7142857142857142	0.0	0.0	0.0	0	insufficient_n	30	D:\pre_tran\database_collect\protein\result\result_new\tables\new_hmm_model_cluster_thresholds_by_split.tsv
mix	cluster-guarded	cluster_179	0.3732764164658634	0.37322928915662645	0.3732764164658634	4.2	4.2	0.0	1.0	1.0	0.2	0	insufficient_n	30	D:\pre_tran\database_collect\protein\result\result_new\tables\new_hmm_model_cluster_thresholds_by_split.tsv
mix	cluster-guarded	cluster_181	0.3732764164658634	0.3425745	0.3732764164658634	48.0	0.0	48.0	0.0	0.0	0.0	0	negative_only_reject_all_calibration	30	D:\pre_tran\database_collect\protein\result\result_new\tables\new_hmm_model_cluster_thresholds_by_split.tsv
mix	cluster-guarded	cluster_182	0.3732764164658634	0.3723631385542169	0.3732764164658634	8.6	0.0	8.6	0.0	0.0	0.3	0	insufficient_n;negative_only_reject_all_calibration	30	D:\pre_tran\database_collect\protein\result\result_new\tables\new_hmm_model_cluster_thresholds_by_split.tsv
mix	cluster-guarded	cluster_184	0.3732764164658634	0.3136765	0.3732764164658634	14.6	3.1	11.5	0.21092329239388063	0.6	0.4	0	precision_ge_0.90_best_recall	30	D:\pre_tran\database_collect\protein\result\result_new\tables\new_hmm_model_cluster_thresholds_by_split.tsv
mix	cluster-guarded	cluster_185	0.3732764164658634	0.37322928915662645	0.3732764164658634	3.5	3.1	0.4	0.9016666666666667	0.9166666666666666	0.0	0	insufficient_n	30	D:\pre_tran\database_collect\protein\result\result_new\tables\new_hmm_model_cluster_thresholds_by_split.tsv
mix	cluster-guarded	cluster_186	0.3732764164658634	0.3724694939759036	0.3732764164658634	1.0	0.0	1.0	0.0	0.0	0.0	0	insufficient_n	30	D:\pre_tran\database_collect\protein\result\result_new\tables\new_hmm_model_cluster_thresholds_by_split.tsv
mix	cluster-guarded	cluster_188	0.3732764164658634	0.37320079518072286	0.3732764164658634	1.7777777777777777	0.0	1.7777777777777777	0.0	0.0	0.0	0	insufficient_n	30	D:\pre_tran\database_collect\protein\result\result_new\tables\new_hmm_model_cluster_thresholds_by_split.tsv
mix	cluster-guarded	cluster_189	0.3732764164658634	0.37322928915662645	0.3732764164658634	3.1	0.0	3.1	0.0	0.0	0.0	0	insufficient_n	30	D:\pre_tran\database_collect\protein\result\result_new\tables\new_hmm_model_cluster_thresholds_by_split.tsv
mix	cluster-guarded	cluster_190	0.3732764164658634	0.3724694939759036	0.3732764164658634	1.4285714285714286	1.4285714285714286	0.0	1.0	1.0	0.0	0	insufficient_n	30	D:\pre_tran\database_collect\protein\result\result_new\tables\new_hmm_model_cluster_thresholds_by_split.tsv
mix	cluster-guarded	cluster_195	0.3732764164658634	0.3770213373493976	0.37430097061931933	12.8	0.0	12.8	0.0	0.0	0.6	1	insufficient_n;negative_only_reject_all_calibration	30	D:\pre_tran\database_collect\protein\result\result_new\tables\new_hmm_model_cluster_thresholds_by_split.tsv
mix	cluster-guarded	cluster_197	0.3732764164658634	0.3722567831325301	0.3732764164658634	1.8	0.0	1.8	0.0	0.0	0.0	0	insufficient_n	30	D:\pre_tran\database_collect\protein\result\result_new\tables\new_hmm_model_cluster_thresholds_by_split.tsv
mix	cluster-guarded	cluster_198	0.3732764164658634	0.7907135000000001	0.6148585428818766	41.1	0.0	41.1	0.0	0.0	1.0	1	negative_only_reject_all_calibration	30	D:\pre_tran\database_collect\protein\result\result_new\tables\new_hmm_model_cluster_thresholds_by_split.tsv
mix	cluster-guarded	cluster_199	0.3732764164658634	0.30062849999999997	0.3514520114878117	15.7	12.1	3.6	0.7759497446997446	0.0	0.7	1	precision_ge_0.90_best_recall	30	D:\pre_tran\database_collect\protein\result\result_new\tables\new_hmm_model_cluster_thresholds_by_split.tsv
mix	cluster-guarded	cluster_2	0.3732764164658634	0.37322928915662645	0.3732764164658634	2.3	2.3	0.0	1.0	1.0	0.0	0	insufficient_n	30	D:\pre_tran\database_collect\protein\result\result_new\tables\new_hmm_model_cluster_thresholds_by_split.tsv
mix	cluster-guarded	cluster_201	0.3732764164658634	0.37322928915662645	0.3732764164658634	2.4	0.0	2.4	0.0	0.0	0.0	0	insufficient_n	30	D:\pre_tran\database_collect\protein\result\result_new\tables\new_hmm_model_cluster_thresholds_by_split.tsv
mix	cluster-guarded	cluster_204	0.3732764164658634	0.32726599999999995	0.3732764164658634	21.6	0.0	21.6	0.0	0.0	0.0	0	negative_only_reject_all_calibration	30	D:\pre_tran\database_collect\protein\result\result_new\tables\new_hmm_model_cluster_thresholds_by_split.tsv
mix	cluster-guarded	cluster_206	0.3732764164658634	0.37322928915662645	0.3732764164658634	1.0	1.0	0.0	1.0	1.0	0.0	0	insufficient_n	30	D:\pre_tran\database_collect\protein\result\result_new\tables\new_hmm_model_cluster_thresholds_by_split.tsv
mix	cluster-guarded	cluster_209	0.3732764164658634	0.3734816626506024	0.3732764164658634	1.7142857142857142	0.0	1.7142857142857142	0.0	0.0	0.0	0	insufficient_n	30	D:\pre_tran\database_collect\protein\result\result_new\tables\new_hmm_model_cluster_thresholds_by_split.tsv
mix	cluster-guarded	cluster_21	0.3732764164658634	0.306179	0.3732764164658634	28.4	0.6	27.8	0.021808706991042294	0.0	0.1	0	negative_only_reject_all_calibration;precision_ge_0.90_best_recall	30	D:\pre_tran\database_collect\protein\result\result_new\tables\new_hmm_model_cluster_thresholds_by_split.tsv
mix	cluster-guarded	cluster_22	0.3732764164658634	0.5062768373493975	0.40647617759370813	10.9	0.0	10.9	0.0	0.0	0.6	1	insufficient_n;negative_only_reject_all_calibration	30	D:\pre_tran\database_collect\protein\result\result_new\tables\new_hmm_model_cluster_thresholds_by_split.tsv
mix	cluster-guarded	cluster_24	0.3732764164658634	0.37368806024096374	0.3732764164658634	1.0	0.0	1.0	0.0	0.0	0.0	0	insufficient_n	30	D:\pre_tran\database_collect\protein\result\result_new\tables\new_hmm_model_cluster_thresholds_by_split.tsv
mix	cluster-guarded	cluster_25	0.3732764164658634	0.3732577831325301	0.3732764164658634	1.1428571428571428	0.0	1.1428571428571428	0.0	0.0	0.0	0	insufficient_n	30	D:\pre_tran\database_collect\protein\result\result_new\tables\new_hmm_model_cluster_thresholds_by_split.tsv
mix	cluster-guarded	cluster_26	0.3732764164658634	0.37375139357429715	0.3732764164658634	1.3333333333333333	0.8333333333333334	0.5	0.6666666666666666	0.6666666666666666	0.0	0	insufficient_n	30	D:\pre_tran\database_collect\protein\result\result_new\tables\new_hmm_model_cluster_thresholds_by_split.tsv
mix	cluster-guarded	cluster_28	0.3732764164658634	0.37448467469879515	0.3732764164658634	1.0	1.0	0.0	1.0	1.0	0.0	0	insufficient_n	30	D:\pre_tran\database_collect\protein\result\result_new\tables\new_hmm_model_cluster_thresholds_by_split.tsv
mix	cluster-guarded	cluster_29	0.3732764164658634	0.37322928915662645	0.3732764164658634	1.1666666666666667	0.0	1.1666666666666667	0.0	0.0	0.0	0	insufficient_n	30	D:\pre_tran\database_collect\protein\result\result_new\tables\new_hmm_model_cluster_thresholds_by_split.tsv
mix	cluster-guarded	cluster_31	0.3732764164658634	0.37259632128514053	0.3732764164658634	1.0	1.0	0.0	1.0	0.0	0.0	0	insufficient_n	30	D:\pre_tran\database_collect\protein\result\result_new\tables\new_hmm_model_cluster_thresholds_by_split.tsv
mix	cluster-guarded	cluster_35	0.3732764164658634	0.31539799999999996	0.3732764164658634	16.0	0.0	16.0	0.0	0.0	0.0	0	negative_only_reject_all_calibration	30	D:\pre_tran\database_collect\protein\result\result_new\tables\new_hmm_model_cluster_thresholds_by_split.tsv
mix	cluster-guarded	cluster_39	0.3732764164658634	0.3733707289156626	0.3732764164658634	1.0	0.0	1.0	0.0	0.0	0.0	0	insufficient_n	30	D:\pre_tran\database_collect\protein\result\result_new\tables\new_hmm_model_cluster_thresholds_by_split.tsv
mix	cluster-guarded	cluster_4	0.3732764164658634	0.329715	0.3732764164658634	66.9	0.0	66.9	0.0	0.0	0.0	0	negative_only_reject_all_calibration	30	D:\pre_tran\database_collect\protein\result\result_new\tables\new_hmm_model_cluster_thresholds_by_split.tsv
mix	cluster-guarded	cluster_40	0.3732764164658634	0.37256782730923693	0.3732764164658634	1.0	1.0	0.0	1.0	1.0	0.0	0	insufficient_n	30	D:\pre_tran\database_collect\protein\result\result_new\tables\new_hmm_model_cluster_thresholds_by_split.tsv
mix	cluster-guarded	cluster_43	0.3732764164658634	0.37320079518072286	0.3732764164658634	1.6666666666666667	1.3333333333333333	0.3333333333333333	0.7962962962962963	0.6666666666666666	0.0	0	insufficient_n	30	D:\pre_tran\database_collect\protein\result\result_new\tables\new_hmm_model_cluster_thresholds_by_split.tsv
mix	cluster-guarded	cluster_46	0.3732764164658634	0.3728504578313253	0.3732764164658634	1.5	1.0	0.5	0.75	0.0	0.0	0	insufficient_n	30	D:\pre_tran\database_collect\protein\result\result_new\tables\new_hmm_model_cluster_thresholds_by_split.tsv
mix	cluster-guarded	cluster_48	0.3732764164658634	0.3722567831325301	0.3732764164658634	1.0	1.0	0.0	1.0	1.0	0.0	0	insufficient_n	30	D:\pre_tran\database_collect\protein\result\result_new\tables\new_hmm_model_cluster_thresholds_by_split.tsv
mix	cluster-guarded	cluster_5	0.3732764164658634	0.38583349999999994	0.383780767081811	162.4	0.0	162.4	0.0	0.0	1.0	1	negative_only_reject_all_calibration	30	D:\pre_tran\database_collect\protein\result\result_new\tables\new_hmm_model_cluster_thresholds_by_split.tsv
mix	cluster-guarded	cluster_50	0.3732764164658634	0.3732577831325301	0.3732764164658634	3.5555555555555554	0.6666666666666666	2.888888888888889	0.1537037037037037	0.2037037037037037	0.1111111111111111	0	insufficient_n	30	D:\pre_tran\database_collect\protein\result\result_new\tables\new_hmm_model_cluster_thresholds_by_split.tsv
mix	cluster-guarded	cluster_54	0.3732764164658634	0.37322928915662645	0.3732764164658634	3.0	0.2	2.8	0.075	0.0	0.1	0	insufficient_n	30	D:\pre_tran\database_collect\protein\result\result_new\tables\new_hmm_model_cluster_thresholds_by_split.tsv
mix	cluster-guarded	cluster_56	0.3732764164658634	0.3751568674698793	0.3732764164658634	1.0	0.0	1.0	0.0	0.0	0.0	0	insufficient_n	30	D:\pre_tran\database_collect\protein\result\result_new\tables\new_hmm_model_cluster_thresholds_by_split.tsv
mix	cluster-guarded	cluster_57	0.3732764164658634	0.3732577831325301	0.3732764164658634	2.3333333333333335	1.0	1.3333333333333333	0.4148148148148148	0.7777777777777778	0.0	0	insufficient_n	30	D:\pre_tran\database_collect\protein\result\result_new\tables\new_hmm_model_cluster_thresholds_by_split.tsv
mix	cluster-guarded	cluster_6	0.3732764164658634	0.3732577831325301	0.3732764164658634	3.3333333333333335	0.0	3.3333333333333335	0.0	0.0	0.1111111111111111	0	insufficient_n	30	D:\pre_tran\database_collect\protein\result\result_new\tables\new_hmm_model_cluster_thresholds_by_split.tsv
mix	cluster-guarded	cluster_60	0.3732764164658634	0.372975578313253	0.3732764164658634	1.0	1.0	0.0	1.0	1.0	0.0	0	insufficient_n	30	D:\pre_tran\database_collect\protein\result\result_new\tables\new_hmm_model_cluster_thresholds_by_split.tsv
mix	cluster-guarded	cluster_62	0.3732764164658634	0.3722567831325301	0.3732764164658634	1.6	0.0	1.6	0.0	0.0	0.0	0	insufficient_n	30	D:\pre_tran\database_collect\protein\result\result_new\tables\new_hmm_model_cluster_thresholds_by_split.tsv
mix	cluster-guarded	cluster_63	0.3732764164658634	0.372975578313253	0.3732764164658634	1.0	0.0	1.0	0.0	0.0	0.0	0	insufficient_n	30	D:\pre_tran\database_collect\protein\result\result_new\tables\new_hmm_model_cluster_thresholds_by_split.tsv
mix	cluster-guarded	cluster_64	0.3732764164658634	0.37320079518072286	0.3732764164658634	1.4	1.4	0.0	1.0	1.0	0.0	0	insufficient_n	30	D:\pre_tran\database_collect\protein\result\result_new\tables\new_hmm_model_cluster_thresholds_by_split.tsv
mix	cluster-guarded	cluster_7	0.3732764164658634	0.37272878915662644	0.3732764164658634	1.0	0.0	1.0	0.0	0.0	0.0	0	insufficient_n	30	D:\pre_tran\database_collect\protein\result\result_new\tables\new_hmm_model_cluster_thresholds_by_split.tsv
mix	cluster-guarded	cluster_71	0.3732764164658634	0.37322928915662645	0.3732764164658634	4.5	0.0	4.5	0.0	0.0	0.1	0	insufficient_n	30	D:\pre_tran\database_collect\protein\result\result_new\tables\new_hmm_model_cluster_thresholds_by_split.tsv
mix	cluster-guarded	cluster_73	0.3732764164658634	0.3732577831325301	0.3732764164658634	1.1111111111111112	0.0	1.1111111111111112	0.0	0.0	0.0	0	insufficient_n	30	D:\pre_tran\database_collect\protein\result\result_new\tables\new_hmm_model_cluster_thresholds_by_split.tsv
mix	cluster-guarded	cluster_74	0.3732764164658634	0.722377	0.6035597711819165	56.8	0.0	56.8	0.0	0.0	1.0	1	negative_only_reject_all_calibration	30	D:\pre_tran\database_collect\protein\result\result_new\tables\new_hmm_model_cluster_thresholds_by_split.tsv
mix	cluster-guarded	cluster_76	0.3732764164658634	0.3300295	0.3732764164658634	22.7	0.2	22.5	0.008928571428571428	0.0	0.0	0	negative_only_reject_all_calibration;precision_ge_0.90_best_recall	30	D:\pre_tran\database_collect\protein\result\result_new\tables\new_hmm_model_cluster_thresholds_by_split.tsv
mix	cluster-guarded	cluster_78	0.3732764164658634	0.3257095	0.3732764164658634	19.1	0.0	19.1	0.0	0.0	0.0	0	negative_only_reject_all_calibration	30	D:\pre_tran\database_collect\protein\result\result_new\tables\new_hmm_model_cluster_thresholds_by_split.tsv
mix	cluster-guarded	cluster_79	0.3732764164658634	0.3724694939759036	0.3732764164658634	1.0	0.0	1.0	0.0	0.0	0.0	0	insufficient_n	30	D:\pre_tran\database_collect\protein\result\result_new\tables\new_hmm_model_cluster_thresholds_by_split.tsv
mix	cluster-guarded	cluster_8	0.3732764164658634	0.356427	0.3603337242944823	103.6	103.6	0.0	1.0	1.0	0.6	1	positive_only_accept_all_calibration	30	D:\pre_tran\database_collect\protein\result\result_new\tables\new_hmm_model_cluster_thresholds_by_split.tsv
mix	cluster-guarded	cluster_82	0.3732764164658634	0.37338574297188754	0.3732764164658634	1.0	0.0	1.0	0.0	0.0	0.0	0	insufficient_n	30	D:\pre_tran\database_collect\protein\result\result_new\tables\new_hmm_model_cluster_thresholds_by_split.tsv
mix	cluster-guarded	cluster_83	0.3732764164658634	0.6534865000000001	0.5124187836193783	32.2	0.4	31.8	0.011516757865937071	0.0	0.6	1	negative_only_reject_all_calibration;precision_ge_0.90_best_recall	30	D:\pre_tran\database_collect\protein\result\result_new\tables\new_hmm_model_cluster_thresholds_by_split.tsv
mix	cluster-guarded	cluster_84	0.3732764164658634	0.37320079518072286	0.3732764164658634	1.0	1.0	0.0	1.0	1.0	0.0	0	insufficient_n	30	D:\pre_tran\database_collect\protein\result\result_new\tables\new_hmm_model_cluster_thresholds_by_split.tsv
mix	cluster-guarded	cluster_86	0.3732764164658634	0.3734816626506024	0.3732764164658634	1.0	0.0	1.0	0.0	0.0	0.0	0	insufficient_n	30	D:\pre_tran\database_collect\protein\result\result_new\tables\new_hmm_model_cluster_thresholds_by_split.tsv
mix	cluster-guarded	cluster_9	0.3732764164658634	0.37320079518072286	0.3732764164658634	2.2222222222222223	2.2222222222222223	0.0	1.0	1.0	0.0	0	insufficient_n	30	D:\pre_tran\database_collect\protein\result\result_new\tables\new_hmm_model_cluster_thresholds_by_split.tsv
mix	cluster-guarded	cluster_93	0.3732764164658634	0.37320079518072286	0.3732764164658634	1.2	0.4	0.8	0.3	0.4	0.0	0	insufficient_n	30	D:\pre_tran\database_collect\protein\result\result_new\tables\new_hmm_model_cluster_thresholds_by_split.tsv
mix	cluster-guarded	cluster_94	0.3732764164658634	0.3733697228915662	0.3732764164658634	1.3333333333333333	0.5	0.8333333333333334	0.3333333333333333	0.5	0.0	0	insufficient_n	30	D:\pre_tran\database_collect\protein\result\result_new\tables\new_hmm_model_cluster_thresholds_by_split.tsv
mix	cluster-guarded	cluster_97	0.3732764164658634	0.3734816626506024	0.3732764164658634	1.0	1.0	0.0	1.0	1.0	0.0	0	insufficient_n	30	D:\pre_tran\database_collect\protein\result\result_new\tables\new_hmm_model_cluster_thresholds_by_split.tsv
