parent_label	sub_name	representative	count	is_split	strategy
0	cluster_0	apyc1	1175	False	latent_kmeans
1	cluster_1	aca10	6	False	latent_kmeans
2	cluster_2	AcrIC11	174	False	latent_kmeans
3	cluster_3	aca2	38	False	latent_kmeans
4	cluster_4	Prs_3	487	False	latent_kmeans
5	cluster_5	narp1_namat	240	False	latent_kmeans
6	cluster_6	hia5	281	False	latent_kmeans
7	cluster_7	narp2_nmnat	28	False	latent_kmeans
8	cluster_8	tad2	39	False	latent_kmeans
9	cluster_9	AcrID1	3	False	latent_kmeans
10	cluster_10__sub01	C6I012	59	True	latent_kmeans
10	cluster_10__sub02	A0A1G5JRB5	21	True	latent_kmeans
10	cluster_10__sub03	A0A6A9QVF6	45	True	latent_kmeans
10	cluster_10__sub04	A0A7X9SJR9	5	True	latent_kmeans
11	cluster_11	AcrIIC2	4	False	latent_kmeans
12	cluster_12	ardu	33	False	latent_kmeans
13	cluster_13	ugi	2	False	latent_kmeans
14	cluster_14	acb1	15	False	latent_kmeans
15	cluster_15	AcrIIA2	7	False	latent_kmeans
16	cluster_16	dmd	2	False	latent_kmeans
17	cluster_17	tad1	87	False	latent_kmeans
18	cluster_18	AcrIF3	6	False	latent_kmeans
19	cluster_19	AcrIIA13b	8	False	latent_kmeans
20	cluster_20	AcrVIA3	5	False	latent_kmeans
21	cluster_21	AcrIIA8	8	False	latent_kmeans
22	cluster_22	rad	6	False	latent_kmeans
23	cluster_23	AcrIA3	1	False	latent_kmeans
24	cluster_24	had1	1	False	latent_kmeans
25	cluster_25	gp5_9	1	False	latent_kmeans
26	cluster_26	ral	1	False	latent_kmeans
27	cluster_27	AcrIB4	1	False	latent_kmeans
28	cluster_28	gad1	1	False	latent_kmeans
29	cluster_29	gnarl2	1	False	latent_kmeans
30	cluster_30	AcrIB5	3	False	latent_kmeans
31	cluster_31	orba	1	False	latent_kmeans
32	cluster_32	aca12	12	False	latent_kmeans
33	cluster_33	AcrIIA22	1	False	latent_kmeans
34	cluster_34	AcrIIA28	1	False	latent_kmeans
35	cluster_35	mom	7	False	latent_kmeans
36	cluster_36	AcrIE8	6	False	latent_kmeans
37	cluster_37	dsad1	1	False	latent_kmeans
38	cluster_38	AcrIF17	1	False	latent_kmeans
39	cluster_39	aca8	1	False	latent_kmeans
40	cluster_40	ipii	1	False	latent_kmeans
41	cluster_41	AcrIIA27	1	False	latent_kmeans
42	cluster_42	AcrIE4	1	False	latent_kmeans
43	cluster_43	ipi	1	False	latent_kmeans
44	cluster_44	AcrVIA7	3	False	latent_kmeans
45	cluster_45	AcrIC9	1	False	latent_kmeans
46	cluster_46	adnd_p0021	1	False	latent_kmeans
47	cluster_47	AcrIIA15	1	False	latent_kmeans
48	cluster_48	AcrIF4	3	False	latent_kmeans
49	cluster_49	AcrIIA19	1	False	latent_kmeans
50	cluster_50	AcrIIIB1	2	False	latent_kmeans
51	cluster_51	AcrIIC6	1	False	latent_kmeans
52	cluster_52	AcrIC1	1	False	latent_kmeans
53	cluster_53	AcrIF1	1	False	latent_kmeans
54	cluster_54	dara	1	False	latent_kmeans
55	cluster_55	AcrIF9	4	False	latent_kmeans
56	cluster_56	AcrIF21	1	False	latent_kmeans
57	cluster_57	abc2	2	False	latent_kmeans
58	cluster_58	AcrIIA26	4	False	latent_kmeans
59	cluster_59	AcrIB9	1	False	latent_kmeans
60	cluster_60	AcrIIA3	5	False	latent_kmeans
61	cluster_61	acrx	1	False	latent_kmeans
62	cluster_62	AcrVIA6	1	False	latent_kmeans
63	cluster_63	AcrIF16	1	False	latent_kmeans
64	cluster_64	stp	1	False	latent_kmeans
65	cluster_65	AcrVIB1	1	False	latent_kmeans
66	cluster_66	AcrIF24	6	False	latent_kmeans
67	cluster_67	AcrIF8	1	False	latent_kmeans
68	cluster_68	AcrIC5	1	False	latent_kmeans
69	cluster_69	AcrIIA11	22	False	latent_kmeans
70	cluster_70	AcrIE5	1	False	latent_kmeans
71	cluster_71	nip	1	False	latent_kmeans
72	cluster_72	AcrIC6	12	False	latent_kmeans
73	cluster_73	aca11	1	False	latent_kmeans
74	cluster_74	vcrx089	113	False	latent_kmeans
75	cluster_75	AcrIIC4	1	False	latent_kmeans
76	cluster_76	AcrVIA2	2	False	latent_kmeans
77	cluster_77	psia	11	False	latent_kmeans
78	cluster_78	abc1	2	False	latent_kmeans
79	cluster_79	AcrIB7	1	False	latent_kmeans
80	cluster_80	AcrVIA4	1	False	latent_kmeans
81	cluster_81	Dap2	1	False	latent_kmeans
82	cluster_82	AcrIC3	1	False	latent_kmeans
83	cluster_83	vcrx091	1	False	latent_kmeans
84	cluster_84	AcrVA2	2	False	latent_kmeans
85	cluster_85	AcrIIIB2	1	False	latent_kmeans
86	cluster_86	gam	1	False	latent_kmeans
87	cluster_87	lar	1	False	latent_kmeans
88	cluster_88	AcrIB8	17	False	latent_kmeans
89	cluster_89	vcrx093	13	False	latent_kmeans
90	cluster_90	AcrIC10	1	False	latent_kmeans
91	cluster_91	AcrIIA18	3	False	latent_kmeans
92	cluster_92	AcrIF20	1	False	latent_kmeans
93	cluster_93	samase	1	False	latent_kmeans
94	cluster_94	orf126	1	False	latent_kmeans
95	cluster_95	AcrIF15	11	False	latent_kmeans
96	cluster_96	AcrIIC3	3	False	latent_kmeans
97	cluster_97	AcrIIA4	5	False	latent_kmeans
98	cluster_98	gnarl1	1	False	latent_kmeans
99	cluster_99	AcrIIC7	1	False	latent_kmeans
100	cluster_100	atd1	1	False	latent_kmeans
101	cluster_101__sub01	A0A2S5K6A7	10	True	latent_kmeans
101	cluster_101__sub02	A0AAI8ZLI4	30	True	latent_kmeans
102	cluster_102	AcrIB2	1	False	latent_kmeans
103	cluster_103	ardc	30	False	latent_kmeans
104	cluster_104	AcrIE4-IF7	1	False	latent_kmeans
105	cluster_105	AcrIIA34	1	False	latent_kmeans
106	cluster_106	AcrIF6	1	False	latent_kmeans
107	cluster_107	AcrIF11	5	False	latent_kmeans
108	cluster_108	tifa	1	False	latent_kmeans
109	cluster_109	AcrIF23	1	False	latent_kmeans
110	cluster_110	gp4_5	1	False	latent_kmeans
111	cluster_111	AcrIF19	1	False	latent_kmeans
112	cluster_112	ocr	1	False	latent_kmeans
113	cluster_113	AcrIE7	1	False	latent_kmeans
114	cluster_114	AcrIB6	5	False	latent_kmeans
115	cluster_115	adfa	1	False	latent_kmeans
116	cluster_116	AcrIIA31	3	False	latent_kmeans
117	cluster_117	AcrVA3	1	False	latent_kmeans
118	cluster_118	adnd_p0020	1	False	latent_kmeans
119	cluster_119	AcrIIA24	2	False	latent_kmeans
120	cluster_120	AcrIF25	1	False	latent_kmeans
121	cluster_121	gnarl3	1	False	latent_kmeans
122	cluster_122	AcrIF10	1	False	latent_kmeans
123	cluster_123	psib	27	False	latent_kmeans
124	cluster_124	AcrIF14	1	False	latent_kmeans
125	cluster_125	AcrIIA12	1	False	latent_kmeans
126	cluster_126	racc	5	False	latent_kmeans
127	cluster_127	ntase	31	False	latent_kmeans
128	cluster_128	AcrIC7	3	False	latent_kmeans
129	cluster_129	AcrIF7	1	False	latent_kmeans
130	cluster_130	AcrIIA17	6	False	latent_kmeans
131	cluster_131	AcrIB1	98	False	latent_kmeans
132	cluster_132	AcrVA1	2	False	latent_kmeans
133	cluster_133	orf148	3	False	latent_kmeans
134	cluster_134	AcrIF12	5	False	latent_kmeans
135	cluster_135	AcrIIA30	1	False	latent_kmeans
136	cluster_136	AcrIF18	1	False	latent_kmeans
137	cluster_137	AcrIIA32	1	False	latent_kmeans
138	cluster_138	darb	1	False	latent_kmeans
139	cluster_139	aca4	4	False	latent_kmeans
140	cluster_140	AcrIE9	2	False	latent_kmeans
141	cluster_141	hdf	1	False	latent_kmeans
142	cluster_142	aca13	1	False	latent_kmeans
143	cluster_143	AcrIIC1	5	False	latent_kmeans
144	cluster_144	vcrx092	1	False	latent_kmeans
145	cluster_145	AcrIIA21	13	False	latent_kmeans
146	cluster_146	aca5	1	False	latent_kmeans
147	cluster_147	AcrIE3	1	False	latent_kmeans
148	cluster_148	AcrVIA2_new	1	False	latent_kmeans
149	cluster_149	AcrIIA33_Seq	1	False	latent_kmeans
150	cluster_150	AcrIF5	3	False	latent_kmeans
151	cluster_151	AcrIA	3	False	latent_kmeans
152	cluster_152	alt	1	False	latent_kmeans
153	cluster_153	AcrIIA5	1	False	latent_kmeans
154	cluster_154	AcrVIA1_Lwa	1	False	latent_kmeans
155	cluster_155	AcrIF22	2	False	latent_kmeans
156	cluster_156	vcrx090	3	False	latent_kmeans
157	cluster_157	AcrIIA9	1	False	latent_kmeans
158	cluster_158	AcrVIA5	1	False	latent_kmeans
159	cluster_159	rexb	2	False	latent_kmeans
160	cluster_160	AcrIF13	1	False	latent_kmeans
161	cluster_161	AcrIIA14	1	False	latent_kmeans
162	cluster_162	gad2	8	False	latent_kmeans
163	cluster_163	Dap1	1	False	latent_kmeans
164	cluster_164	AcrIIA33	6	False	latent_kmeans
165	cluster_165	ardr	5	False	latent_kmeans
166	cluster_166	AcrIIC5	1	False	latent_kmeans
167	cluster_167	AcrIIC8	1	False	latent_kmeans
168	cluster_168	AcrIIA23	2	False	latent_kmeans
169	cluster_169	AcrIC4	1	False	latent_kmeans
170	cluster_170	ddra	1	False	latent_kmeans
171	cluster_171	AcrIIA10	1	False	latent_kmeans
172	cluster_172	AcrIE1	1	False	latent_kmeans
173	cluster_173	AcrIIA29	1	False	latent_kmeans
174	cluster_174	AcrIC8	1	False	latent_kmeans
175	cluster_175	AcrIB3	54	False	latent_kmeans
176	cluster_176	AcrVA5	3	False	latent_kmeans
177	cluster_177	AcrIIA1	9	False	latent_kmeans
178	cluster_178	ddrb	1	False	latent_kmeans
179	cluster_179	AcrIE6	1	False	latent_kmeans
180	cluster_180	AcrIIA20	1	False	latent_kmeans
181	cluster_181	Adfm_1	493	False	latent_kmeans
182	cluster_182	RT	62	False	latent_kmeans
183	cluster_183	AcrIA1	100	False	latent_kmeans
184	cluster_184	ardk_2	2	False	latent_kmeans
185	cluster_185	AcrIIA25	4	False	latent_kmeans
186	cluster_186	AcrVA4	1	False	latent_kmeans
187	cluster_187	AcrIIA6	53	False	latent_kmeans
188	cluster_188	Acb4	3	False	latent_kmeans
189	cluster_189	RelB	1	False	latent_kmeans
190	cluster_190	Adfb	1	False	latent_kmeans
191	cluster_191	5277	1	False	latent_kmeans
192	cluster_192	AbiEi	80	False	latent_kmeans
193	cluster_193	5061	1	False	latent_kmeans
194	cluster_194	5004	1	False	latent_kmeans
195	cluster_195	AcrIIIB2_2	1	False	latent_kmeans
196	cluster_196	Adfn_t4	49	False	latent_kmeans
197	cluster_197	Gp48	85	False	latent_kmeans
198	cluster_198	SSB	1	False	latent_kmeans
199	cluster_199	bet	1	False	latent_kmeans
200	cluster_200	AcrIIC4_2	1	False	latent_kmeans
201	cluster_201	JSS1_004	1	False	latent_kmeans
202	cluster_202	BxaP	15	False	latent_kmeans
203	cluster_203	5021	1	False	latent_kmeans
204	cluster_204	AcrVA3_2	1	False	latent_kmeans
205	cluster_205	AcrIE2	1	False	latent_kmeans
206	cluster_206	AcrIF2	2	False	latent_kmeans
207	cluster_207	AcrIIA16	1	False	latent_kmeans
208	cluster_208	AcrIE10	18	False	latent_kmeans
209	cluster_209	H_NS	1	False	latent_kmeans
210	cluster_210	gp4	1	False	latent_kmeans
211	cluster_211	gp5_5	1	False	latent_kmeans
